id,first_name,last_name,email,gender,ip_address
1,Gussie,Whitton,gwhitton0@delicious.com,Male,63.183.245.48
2,Mureil,Langwade,mlangwade1@jiathis.com,Male,182.162.144.24
3,Kimmi,Crittal,kcrittal2@mapquest.com,Non-binary,192.84.219.67
4,Hallsy,Maffucci,hmaffucci3@cisco.com,Female,77.121.185.83
5,Terrance,Petrovic,tpetrovic4@hostgator.com,Genderqueer,108.243.213.126
6,Becca,Phlipon,bphlipon5@guardian.co.uk,Genderfluid,145.243.179.86
7,Garreth,Muckloe,gmuckloe6@auda.org.au,Male,80.163.126.227
8,Faith,Schellig,fschellig7@theglobeandmail.com,Male,243.200.61.77
9,Ema,Skypp,eskypp8@wikispaces.com,Polygender,108.36.30.155
10,Deck,Peerless,dpeerless9@weather.com,Agender,40.133.77.27
11,Obed,Deery,odeerya@hugedomains.com,Genderfluid,203.59.28.125
12,Redford,Dancer,rdancerb@sfgate.com,Genderfluid,101.188.74.22
13,Hubey,Chable,hchablec@g.co,Polygender,215.179.175.54
14,Leeann,Crain,lcraind@parallels.com,Non-binary,3.200.129.139
15,Myra,Greaterex,mgreaterexe@nih.gov,Bigender,44.153.35.92
16,Jean,Gostage,jgostagef@dion.ne.jp,Polygender,103.185.81.221
17,Delano,Neubigin,dneubiging@cnn.com,Genderfluid,88.17.84.232
18,Erica,Leather,eleatherh@weibo.com,Male,39.72.69.19
19,Gail,MacIlwrick,gmacilwricki@histats.com,Genderfluid,133.250.123.37
20,Ravi,Le Cornu,rlecornuj@cbsnews.com,Non-binary,99.171.144.227
21,Fernanda,Lowless,flowlessk@businessweek.com,Genderqueer,158.173.67.113
22,Basilius,Scates,bscatesl@macromedia.com,Male,167.138.135.117
23,Violante,Pothergill,vpothergillm@eventbrite.com,Female,235.212.212.63
24,Rufe,Mutter,rmuttern@imgur.com,Male,209.2.61.119
25,Donall,Starzaker,dstarzakero@nifty.com,Agender,46.52.165.143
26,Moritz,Fish,mfishp@sphinn.com,Genderfluid,128.59.87.42
27,Lorry,Slixby,lslixbyq@arstechnica.com,Genderqueer,191.13.31.179
28,Gail,Bensley,gbensleyr@trellian.com,Bigender,148.234.193.197
29,Kial,Berlin,kberlins@nytimes.com,Non-binary,11.242.244.120
30,Ancell,Luney,aluneyt@accuweather.com,Polygender,26.125.26.88
31,Karina,Brattell,kbrattellu@themeforest.net,Male,176.11.34.224
32,Izzy,Mattiato,imattiatov@xrea.com,Genderqueer,43.221.241.53
33,Merle,Dimelow,mdimeloww@washingtonpost.com,Genderfluid,242.167.123.46
34,Cecily,Appleton,cappletonx@xinhuanet.com,Non-binary,226.169.170.38
35,Osbert,Ditch,oditchy@netscape.com,Genderqueer,80.216.177.91
36,Madison,Northin,mnorthinz@springer.com,Agender,226.120.50.132
37,Rickard,Pancoast,rpancoast10@com.com,Male,33.6.255.235
38,Bobinette,Boumphrey,bboumphrey11@jigsy.com,Genderfluid,58.30.150.4
39,Sadye,Shipp,sshipp12@furl.net,Genderfluid,90.51.61.222
40,Matti,Gammie,mgammie13@prlog.org,Non-binary,108.47.21.219
41,Marcello,Wylie,mwylie14@google.es,Non-binary,71.216.199.126
42,Tate,Arblaster,tarblaster15@nsw.gov.au,Genderfluid,183.46.32.36
43,Nananne,Fruen,nfruen16@qq.com,Bigender,10.53.13.169
44,Anna-diana,Englishby,aenglishby17@berkeley.edu,Agender,110.88.42.54
45,Bren,Riccetti,briccetti18@phpbb.com,Agender,151.252.150.8
46,Will,Eastcourt,weastcourt19@oaic.gov.au,Polygender,58.149.31.115
47,Jacquelin,Minards,jminards1a@flickr.com,Agender,236.168.51.97
48,Gisella,Brayn,gbrayn1b@drupal.org,Male,4.110.162.112
49,Vonny,Swancock,vswancock1c@goo.gl,Agender,12.38.237.16
50,Flemming,Palatini,fpalatini1d@diigo.com,Bigender,93.202.163.252
51,Maggee,Simonard,msimonard1e@rakuten.co.jp,Agender,84.81.42.159
52,Malynda,Tansley,mtansley1f@imageshack.us,Non-binary,76.34.195.199
53,Fredek,Prandy,fprandy1g@elegantthemes.com,Agender,205.127.227.111
54,Mac,Voss,mvoss1h@slideshare.net,Bigender,180.62.38.173
55,Obediah,Dinis,odinis1i@woothemes.com,Genderfluid,208.234.50.25
56,Darby,Keers,dkeers1j@phoca.cz,Genderqueer,93.154.103.226
57,Carlie,Trundle,ctrundle1k@meetup.com,Agender,138.61.117.144
58,Friedrich,Mattis,fmattis1l@youtube.com,Polygender,31.224.248.76
59,Abeu,Pilmer,apilmer1m@soup.io,Genderqueer,89.24.253.195
60,Editha,Figin,efigin1n@amazonaws.com,Agender,171.141.66.170
61,Addy,Binfield,abinfield1o@forbes.com,Genderqueer,73.172.87.74
62,Phaedra,Gutridge,pgutridge1p@marketwatch.com,Agender,109.55.58.64
63,Dorise,Kort,dkort1q@mtv.com,Female,189.141.183.41
64,Mel,Emmott,memmott1r@mlb.com,Agender,16.37.1.200
65,Tedra,Duguid,tduguid1s@csmonitor.com,Agender,41.199.244.111
66,Kathe,MacDirmid,kmacdirmid1t@reverbnation.com,Male,13.103.159.83
67,Lorne,Gino,lgino1u@ustream.tv,Agender,35.233.165.135
68,Gaylor,Sealy,gsealy1v@unicef.org,Non-binary,1.11.226.65
69,Romain,Edensor,redensor1w@vistaprint.com,Polygender,182.173.12.129
70,Cristina,Pilger,cpilger1x@xing.com,Genderfluid,108.45.145.228
71,Delaney,O'Mara,domara1y@sourceforge.net,Polygender,164.207.61.235
72,Korey,Santi,ksanti1z@imgur.com,Female,100.43.229.84
73,Penelopa,Royston,proyston20@jalbum.net,Agender,82.143.251.43
74,Rufus,Bleue,rbleue21@ebay.com,Agender,136.135.85.39
75,Rodi,Carmont,rcarmont22@google.pl,Female,174.170.239.26
76,Sapphira,McColgan,smccolgan23@ebay.com,Polygender,9.196.2.32
77,Nat,Hopkins,nhopkins24@usda.gov,Genderfluid,26.136.167.56
78,Ivar,Kunes,ikunes25@oaic.gov.au,Genderqueer,12.80.197.244
79,Ondrea,Broadway,obroadway26@nationalgeographic.com,Non-binary,118.250.218.45
80,Belita,Oakwood,boakwood27@reuters.com,Male,175.53.108.15
81,Shaun,Grinaugh,sgrinaugh28@topsy.com,Genderfluid,85.172.215.221
82,Dorena,Teather,dteather29@cpanel.net,Genderfluid,165.222.197.169
83,Tedie,Clibbery,tclibbery2a@purevolume.com,Male,70.124.174.184
84,Cloris,Ruprich,cruprich2b@google.com.au,Bigender,146.194.203.58
85,Linzy,Croix,lcroix2c@smh.com.au,Agender,123.55.91.80
86,Miner,Cheese,mcheese2d@intel.com,Female,126.83.128.72
87,Sheff,Shoebridge,sshoebridge2e@springer.com,Male,49.163.118.111
88,Hildagarde,Saffe,hsaffe2f@wordpress.org,Female,93.237.172.69
89,Culley,Wogdon,cwogdon2g@cdc.gov,Bigender,99.140.95.125
90,Freeland,Gladdifh,fgladdifh2h@alibaba.com,Female,55.227.43.80
91,Ada,Cuel,acuel2i@hugedomains.com,Female,1.103.226.196
92,Eugen,Berendsen,eberendsen2j@boston.com,Polygender,162.113.245.219
93,Lurlene,Plett,lplett2k@latimes.com,Genderfluid,6.34.73.181
94,Jania,Rosborough,jrosborough2l@cornell.edu,Agender,212.182.145.248
95,Rahal,Brandreth,rbrandreth2m@yellowbook.com,Bigender,182.60.114.123
96,Sosanna,Kloster,skloster2n@nsw.gov.au,Polygender,231.18.3.160
97,Danny,Denham,ddenham2o@blogs.com,Female,109.181.183.75
98,Ulrikaumeko,Patifield,upatifield2p@nature.com,Genderqueer,174.98.10.178
99,Ondrea,Looks,olooks2q@theglobeandmail.com,Genderqueer,13.15.198.113
100,Brennen,Duddell,bduddell2r@cpanel.net,Polygender,200.78.53.135
101,Lee,Barz,lbarz2s@reddit.com,Bigender,104.19.204.71
102,Alene,Bradberry,abradberry2t@shutterfly.com,Genderfluid,109.184.218.37
103,Klaus,Nisard,knisard2u@pen.io,Female,155.65.144.79
104,Carce,Beedle,cbeedle2v@amazon.co.jp,Genderfluid,178.60.204.22
105,Allsun,Esseby,aesseby2w@dyndns.org,Non-binary,199.9.128.102
106,Meaghan,Etherson,metherson2x@newyorker.com,Agender,139.124.255.209
107,Livy,Jojic,ljojic2y@disqus.com,Non-binary,168.152.233.126
108,Benoit,Crennell,bcrennell2z@geocities.com,Female,208.164.46.155
109,Blanch,Legrave,blegrave30@photobucket.com,Female,176.126.146.180
110,Alisander,Vivians,avivians31@furl.net,Bigender,127.19.121.76
111,Flemming,Feaviour,ffeaviour32@delicious.com,Non-binary,66.178.250.157
112,Garvey,Firk,gfirk33@a8.net,Female,121.176.76.104
113,Cletus,Adrian,cadrian34@qq.com,Genderfluid,43.183.8.61
114,Tony,Brizell,tbrizell35@wordpress.org,Polygender,158.229.222.44
115,Candice,Jachimczak,cjachimczak36@buzzfeed.com,Polygender,26.122.5.160
116,Alano,Dragonette,adragonette37@hp.com,Bigender,163.48.98.196
117,Kippar,Heinish,kheinish38@gnu.org,Genderfluid,105.142.142.94
118,Manfred,Gohier,mgohier39@cocolog-nifty.com,Male,177.217.56.211
119,Camile,Andreazzi,candreazzi3a@google.fr,Genderfluid,8.68.6.54
120,Roselia,Hathway,rhathway3b@msn.com,Polygender,20.43.76.2
121,Ches,Beausang,cbeausang3c@webeden.co.uk,Agender,55.104.239.125
122,Gus,Leagas,gleagas3d@mapy.cz,Bigender,139.49.65.2
123,Marsha,Plesing,mplesing3e@mysql.com,Female,133.56.212.25
124,Rockie,O'Growgane,rogrowgane3f@cornell.edu,Agender,170.7.141.202
125,Jacqueline,Purdon,jpurdon3g@gmpg.org,Female,175.81.193.54
126,Cleavland,Seargeant,cseargeant3h@printfriendly.com,Polygender,252.133.122.117
127,Hanny,Webby,hwebby3i@epa.gov,Genderfluid,197.230.44.101
128,Ailey,Berendsen,aberendsen3j@narod.ru,Female,25.25.22.83
129,Prent,Simmank,psimmank3k@i2i.jp,Male,202.99.5.59
130,Ginelle,Gentile,ggentile3l@netscape.com,Polygender,243.76.145.152
131,Drud,Matveyev,dmatveyev3m@fastcompany.com,Genderfluid,8.94.89.28
132,Lucina,Andreasen,landreasen3n@artisteer.com,Agender,69.141.181.250
133,Robinette,Barnwille,rbarnwille3o@t.co,Polygender,11.51.201.165
134,Chantalle,Inett,cinett3p@360.cn,Non-binary,177.205.49.208
135,Andros,Tolchard,atolchard3q@mtv.com,Male,237.34.108.59
136,Horatius,Desaur,hdesaur3r@shutterfly.com,Male,134.207.149.192
137,Shelby,Tuttiett,stuttiett3s@archive.org,Genderqueer,109.219.19.254
138,Melantha,Stealy,mstealy3t@toplist.cz,Non-binary,204.254.22.57
139,Drusi,Comazzo,dcomazzo3u@histats.com,Female,61.196.119.181
140,Lurline,Ginner,lginner3v@g.co,Genderfluid,127.234.54.86
141,Elly,Westfield,ewestfield3w@sourceforge.net,Male,208.28.21.103
142,Shannon,Corps,scorps3x@google.com.hk,Agender,175.96.193.152
143,Myrtle,Romeril,mromeril3y@google.ru,Male,178.179.216.26
144,Averil,McCrorie,amccrorie3z@bloglines.com,Genderfluid,164.69.106.147
145,Milton,Tour,mtour40@umich.edu,Female,4.251.1.215
146,Jerrome,Fernehough,jfernehough41@toplist.cz,Male,178.43.140.45
147,Jeannine,Hamnet,jhamnet42@sphinn.com,Bigender,221.202.132.51
148,Keenan,Rihosek,krihosek43@nps.gov,Genderfluid,58.176.186.120
149,Merridie,Coghlan,mcoghlan44@economist.com,Agender,171.241.68.102
150,Elbert,Dymock,edymock45@skyrock.com,Male,182.163.18.155
151,Phebe,Dondon,pdondon46@vimeo.com,Genderfluid,47.6.85.33
152,Catriona,Glasser,cglasser47@marketwatch.com,Non-binary,158.120.106.87
153,Bamby,Brou,bbrou48@paginegialle.it,Genderfluid,92.14.12.181
154,Wandis,Espine,wespine49@irs.gov,Bigender,200.226.40.66
155,Stephanus,Agiolfinger,sagiolfinger4a@answers.com,Male,108.177.210.109
156,Yasmin,Hearsum,yhearsum4b@whitehouse.gov,Male,193.21.173.60
157,Lelah,Leyson,lleyson4c@hatena.ne.jp,Agender,14.211.157.82
158,Melisande,Petche,mpetche4d@stumbleupon.com,Polygender,188.251.180.83
159,Normy,Yoxall,nyoxall4e@clickbank.net,Female,38.70.73.249
160,Tedmund,Brabin,tbrabin4f@howstuffworks.com,Non-binary,185.206.212.162
161,Erinna,Korn,ekorn4g@typepad.com,Genderqueer,216.102.71.35
162,Bram,Wellbelove,bwellbelove4h@blog.com,Bigender,83.234.7.237
163,Sonia,Connold,sconnold4i@ox.ac.uk,Polygender,197.123.136.203
164,Dewie,Christophe,dchristophe4j@ca.gov,Genderfluid,113.87.186.99
165,Dreddy,Truggian,dtruggian4k@joomla.org,Male,126.213.148.9
166,Bank,Werndly,bwerndly4l@skype.com,Female,104.3.73.107
167,Odille,Hubball,ohubball4m@about.com,Male,188.64.143.242
168,Kennan,Warrener,kwarrener4n@google.ru,Genderqueer,130.151.58.231
169,Adel,Studeart,astudeart4o@latimes.com,Genderqueer,251.73.55.217
170,Horatia,Falck,hfalck4p@mediafire.com,Genderfluid,155.61.134.40
171,Krisha,Zimek,kzimek4q@springer.com,Non-binary,136.167.56.38
172,Vincenz,Franceschi,vfranceschi4r@dell.com,Genderfluid,197.219.45.251
173,Hewie,De Blasio,hdeblasio4s@hc360.com,Genderfluid,176.197.123.171
174,Tull,Berthouloume,tberthouloume4t@salon.com,Bigender,78.252.175.56
175,Pierette,Rickhuss,prickhuss4u@washingtonpost.com,Polygender,118.106.143.220
176,Kermy,Barhims,kbarhims4v@hibu.com,Genderfluid,60.252.101.193
177,Lilla,Aizikov,laizikov4w@nature.com,Genderqueer,108.177.112.16
178,Robina,Bolitho,rbolitho4x@newsvine.com,Female,177.254.182.156
179,Odilia,Tomik,otomik4y@mail.ru,Genderqueer,92.101.169.198
180,Zollie,Ferretti,zferretti4z@timesonline.co.uk,Bigender,192.134.236.226
181,Lockwood,Willment,lwillment50@state.gov,Agender,242.64.80.224
182,Barbaraanne,Sporgeon,bsporgeon51@businesswire.com,Agender,123.39.195.81
183,Dannie,Bielefeld,dbielefeld52@discuz.net,Genderfluid,221.140.29.217
184,Gray,De Bell,gdebell53@webs.com,Bigender,68.173.0.183
185,Goraud,Rantoull,grantoull54@walmart.com,Polygender,20.182.0.149
186,Sonni,Munt,smunt55@usda.gov,Male,210.250.65.53
187,Northrup,Poluzzi,npoluzzi56@diigo.com,Agender,202.251.103.99
188,Meier,Berndsen,mberndsen57@deliciousdays.com,Male,254.216.161.123
189,Lyndsie,Giffard,lgiffard58@usnews.com,Polygender,105.228.61.156
190,Paola,Uccello,puccello59@guardian.co.uk,Genderqueer,88.205.183.227
191,Edith,Lehr,elehr5a@cyberchimps.com,Agender,196.36.181.211
192,Madison,Swynfen,mswynfen5b@chronoengine.com,Bigender,210.95.122.7
193,Pet,Kopacek,pkopacek5c@spiegel.de,Male,228.59.180.14
194,Haley,Vinnick,hvinnick5d@berkeley.edu,Genderqueer,34.63.77.71
195,Jaymee,Dunphie,jdunphie5e@printfriendly.com,Polygender,218.22.6.196
196,Hobart,Bosence,hbosence5f@npr.org,Polygender,88.40.99.132
197,Sibley,Lilywhite,slilywhite5g@woothemes.com,Genderfluid,64.50.135.172
198,Hedi,Moreinu,hmoreinu5h@cornell.edu,Bigender,41.56.14.127
199,Genevieve,Fairlam,gfairlam5i@over-blog.com,Male,42.36.65.121
200,Laurie,MacRinn,lmacrinn5j@lycos.com,Genderqueer,149.30.92.155
201,Arielle,Huyge,ahuyge5k@illinois.edu,Bigender,62.30.192.94
202,Wolf,Clearley,wclearley5l@yolasite.com,Polygender,134.205.224.86
203,Giulia,O'Malley,gomalley5m@histats.com,Female,180.98.207.232
204,Stavros,Quarterman,squarterman5n@google.cn,Bigender,162.72.37.61
205,Nicky,Marjot,nmarjot5o@apple.com,Female,205.96.5.173
206,Nicholle,Donnett,ndonnett5p@usnews.com,Bigender,24.160.230.58
207,Cosmo,Tripcony,ctripcony5q@ft.com,Male,230.12.130.0
208,Gerianna,Dalgarno,gdalgarno5r@diigo.com,Bigender,232.118.222.96
209,Tanya,Camings,tcamings5s@stumbleupon.com,Genderqueer,114.5.23.145
210,Barthel,Hamblyn,bhamblyn5t@360.cn,Bigender,113.193.55.209
211,Cathie,Swinburn,cswinburn5u@edublogs.org,Female,125.199.75.226
212,Dasya,Luxmoore,dluxmoore5v@pen.io,Agender,238.142.228.16
213,Aksel,Frean,afrean5w@sbwire.com,Agender,149.249.168.185
214,Homerus,Brute,hbrute5x@elegantthemes.com,Female,129.8.163.62
215,Gus,Keizman,gkeizman5y@smh.com.au,Female,170.42.128.219
216,Sutherlan,Minmagh,sminmagh5z@sourceforge.net,Bigender,176.241.73.231
217,Kylie,Urwin,kurwin60@xing.com,Non-binary,238.161.69.186
218,Roscoe,Ewbank,rewbank61@psu.edu,Bigender,110.129.225.111
219,Dreddy,Grishanin,dgrishanin62@cocolog-nifty.com,Genderfluid,227.183.75.13
220,Jule,Mattioli,jmattioli63@ebay.co.uk,Agender,122.84.8.210
221,Desirae,MacAindreis,dmacaindreis64@comcast.net,Genderqueer,125.129.169.124
222,Mirilla,Proby,mproby65@telegraph.co.uk,Genderqueer,48.184.122.139
223,Binni,Kohrding,bkohrding66@gov.uk,Bigender,146.241.153.136
224,Melba,O'Hartagan,mohartagan67@acquirethisname.com,Polygender,109.56.73.200
225,Averill,Wesker,awesker68@clickbank.net,Polygender,250.166.128.39
226,Ingram,Spencers,ispencers69@ustream.tv,Male,126.154.236.112
227,Colet,Matteuzzi,cmatteuzzi6a@cafepress.com,Male,231.95.57.180
228,Lucas,Winspear,lwinspear6b@huffingtonpost.com,Polygender,40.234.48.17
229,Junina,Piddock,jpiddock6c@soup.io,Agender,81.55.252.55
230,Wendell,Elbourne,welbourne6d@smugmug.com,Female,209.144.177.215
231,Doreen,Spykins,dspykins6e@posterous.com,Agender,174.234.220.4
232,Barde,Dumbrill,bdumbrill6f@pcworld.com,Agender,167.28.165.36
233,Adelaide,Leaf,aleaf6g@bing.com,Genderqueer,155.96.114.185
234,Tessie,Rhead,trhead6h@wikipedia.org,Male,94.27.215.137
235,Esther,Perett,eperett6i@sina.com.cn,Male,110.15.178.221
236,Chryste,Turland,cturland6j@macromedia.com,Bigender,213.86.87.115
237,Teodora,Kagan,tkagan6k@hugedomains.com,Genderqueer,72.175.248.236
238,Merrie,Kleinplatz,mkleinplatz6l@shop-pro.jp,Polygender,150.150.212.208
239,Duane,Couroy,dcouroy6m@ameblo.jp,Female,44.58.230.12
240,Darice,Tranckle,dtranckle6n@sohu.com,Genderfluid,93.3.242.201
241,Anette,Sawford,asawford6o@usa.gov,Bigender,159.189.22.150
242,Lindsey,O'Hollegan,lohollegan6p@domainmarket.com,Male,88.128.17.136
243,Vivi,Blakebrough,vblakebrough6q@com.com,Male,191.204.200.100
244,Leslie,Flintiff,lflintiff6r@theglobeandmail.com,Bigender,45.255.108.77
245,Beatrice,Felgat,bfelgat6s@time.com,Genderfluid,232.74.19.191
246,Buckie,Tipple,btipple6t@utexas.edu,Female,66.150.166.84
247,Harp,Grimsdike,hgrimsdike6u@archive.org,Polygender,90.157.203.222
248,Tess,Craigheid,tcraigheid6v@wufoo.com,Non-binary,185.115.213.69
249,Geoffry,Sunner,gsunner6w@wsj.com,Polygender,112.187.179.95
250,Corinne,Dafydd,cdafydd6x@bloomberg.com,Non-binary,71.24.59.223
251,Ginnie,Ludman,gludman6y@hostgator.com,Polygender,243.223.69.158
252,Nessi,Duker,nduker6z@independent.co.uk,Male,120.5.75.208
253,Fran,Cronchey,fcronchey70@guardian.co.uk,Male,4.164.106.56
254,Venita,Guerrier,vguerrier71@bizjournals.com,Female,213.244.246.116
255,Leta,Tetlow,ltetlow72@istockphoto.com,Male,158.122.69.10
256,Neill,Yakolev,nyakolev73@nymag.com,Agender,132.19.10.121
257,Gabbi,Marginson,gmarginson74@reddit.com,Genderfluid,110.15.139.190
258,Sheffie,Brunning,sbrunning75@acquirethisname.com,Genderqueer,109.197.24.253
259,Minne,McLagan,mmclagan76@bravesites.com,Male,240.147.247.133
260,Dasie,Darben,ddarben77@instagram.com,Bigender,157.192.231.253
261,Goldina,Peach,gpeach78@soup.io,Polygender,114.24.122.181
262,Jessie,Abelov,jabelov79@gravatar.com,Bigender,89.132.15.234
263,Rory,Lattimer,rlattimer7a@spiegel.de,Bigender,176.27.143.203
264,Gretal,McJury,gmcjury7b@columbia.edu,Non-binary,212.1.49.95
265,Osborne,Adamoli,oadamoli7c@slashdot.org,Genderqueer,216.161.140.48
266,Saleem,Skippings,sskippings7d@youku.com,Genderfluid,153.166.89.108
267,Jess,Reynard,jreynard7e@elegantthemes.com,Genderqueer,174.167.228.29
268,Vinnie,Allcoat,vallcoat7f@nps.gov,Genderqueer,116.105.79.166
269,Lynelle,Dubber,ldubber7g@nbcnews.com,Bigender,247.152.161.117
270,Roxy,Dyas,rdyas7h@livejournal.com,Female,27.179.116.100
271,Marcile,Abrahm,mabrahm7i@timesonline.co.uk,Bigender,117.36.253.114
272,Kin,Carlon,kcarlon7j@chicagotribune.com,Female,104.114.198.108
273,Taber,Dimblebee,tdimblebee7k@histats.com,Genderqueer,223.35.163.1
274,Stacia,Quince,squince7l@oakley.com,Genderqueer,245.78.198.31
275,Salomone,Muddle,smuddle7m@eepurl.com,Genderqueer,183.162.123.200
276,Wynn,Brindle,wbrindle7n@bloglovin.com,Non-binary,26.121.5.236
277,Bekki,Gorvette,bgorvette7o@webnode.com,Bigender,203.62.130.247
278,Sylvia,Truscott,struscott7p@nationalgeographic.com,Genderfluid,105.52.9.173
279,Rayna,Schrieves,rschrieves7q@t-online.de,Non-binary,85.103.92.112
280,Bette-ann,Bentham3,bbentham7r@netscape.com,Female,54.92.34.190
281,Chariot,Wyrill,cwyrill7s@oracle.com,Non-binary,109.67.163.8
282,Reine,Cordero,rcordero7t@amazon.co.jp,Polygender,14.52.127.81
283,Sari,Skentelbery,sskentelbery7u@over-blog.com,Non-binary,180.186.101.53
284,Hazlett,Tooker,htooker7v@theatlantic.com,Genderfluid,82.57.129.109
285,Yulma,Glastonbury,yglastonbury7w@weather.com,Bigender,168.22.219.12
286,Stephi,Mitchel,smitchel7x@ihg.com,Genderqueer,37.243.54.143
287,Hamid,Denecamp,hdenecamp7y@desdev.cn,Female,60.98.136.49
288,Chrissie,Cadigan,ccadigan7z@creativecommons.org,Genderfluid,119.169.191.65
289,Gabi,Goodbarr,ggoodbarr80@sourceforge.net,Genderqueer,124.53.15.230
290,Tymothy,Beckett,tbeckett81@jalbum.net,Non-binary,246.123.93.141
291,Sherlock,Kwietak,skwietak82@lycos.com,Genderqueer,250.96.239.247
292,Della,Ricci,dricci83@walmart.com,Bigender,250.196.85.146
293,Layne,Kyles,lkyles84@telegraph.co.uk,Genderfluid,37.139.69.250
294,Karlotte,Baal,kbaal85@nps.gov,Bigender,243.106.10.151
295,Patten,Palfreyman,ppalfreyman86@newyorker.com,Male,193.147.28.239
296,Olimpia,Joe,ojoe87@tinyurl.com,Polygender,232.210.203.226
297,Barthel,Bundock,bbundock88@posterous.com,Female,113.131.243.82
298,Reeva,Whitty,rwhitty89@umich.edu,Bigender,193.214.38.84
299,Jayme,Upsale,jupsale8a@webs.com,Bigender,90.53.86.138
300,Tate,Pulman,tpulman8b@nih.gov,Female,196.155.208.195
301,Jerry,Echalie,jechalie8c@trellian.com,Male,253.33.114.249
302,Biron,Gately,bgately8d@buzzfeed.com,Bigender,248.224.118.168
303,Hilly,Letson,hletson8e@theguardian.com,Female,73.63.57.208
304,Paxon,Cadalleder,pcadalleder8f@springer.com,Genderfluid,178.130.155.14
305,Bell,Pickwell,bpickwell8g@ameblo.jp,Genderfluid,64.40.141.46
306,Cheslie,McElree,cmcelree8h@live.com,Male,38.253.228.114
307,Amye,Purtell,apurtell8i@auda.org.au,Genderqueer,243.14.172.27
308,Doyle,Knevett,dknevett8j@over-blog.com,Bigender,132.163.157.140
309,Weylin,Kornas,wkornas8k@nyu.edu,Polygender,166.32.203.234
310,Modestine,Sandwick,msandwick8l@angelfire.com,Genderfluid,4.254.47.53
311,Blisse,Slyvester,bslyvester8m@ezinearticles.com,Non-binary,7.180.9.252
312,Carney,Agneau,cagneau8n@pcworld.com,Genderqueer,16.118.212.28
313,Alasdair,de Marco,ademarco8o@soup.io,Female,208.7.95.96
314,Fraze,Suggett,fsuggett8p@storify.com,Polygender,156.147.180.195
315,Crista,Bradtke,cbradtke8q@noaa.gov,Genderqueer,255.210.151.207
316,Evangelina,Ridel,eridel8r@state.gov,Female,76.246.169.171
317,Andrew,Mollatt,amollatt8s@myspace.com,Female,19.4.56.59
318,Sibley,Rylands,srylands8t@pinterest.com,Male,27.61.160.51
319,Cecile,Pyser,cpyser8u@engadget.com,Genderqueer,117.100.234.54
320,Drucill,Waterland,dwaterland8v@parallels.com,Polygender,221.42.33.191
321,Alvinia,Benjamin,abenjamin8w@guardian.co.uk,Genderfluid,50.74.9.128
322,Aube,Flukes,aflukes8x@blogspot.com,Bigender,216.80.84.86
323,Ingrid,Barttrum,ibarttrum8y@senate.gov,Non-binary,96.142.34.197
324,Dolley,Bizzey,dbizzey8z@51.la,Female,62.234.148.175
325,Christabel,Brandli,cbrandli90@nydailynews.com,Female,53.202.235.128
326,Garrott,Shawyers,gshawyers91@storify.com,Female,72.72.134.169
327,Wally,Nancarrow,wnancarrow92@redcross.org,Polygender,47.156.152.127
328,Wiley,Eplett,weplett93@howstuffworks.com,Genderqueer,126.58.220.223
329,Jilleen,Thredder,jthredder94@instagram.com,Agender,144.90.13.19
330,Homer,Pawlick,hpawlick95@msu.edu,Genderqueer,245.118.93.26
331,Tiffie,Gerram,tgerram96@usda.gov,Genderqueer,43.173.95.191
332,Murvyn,Blincowe,mblincowe97@huffingtonpost.com,Agender,98.57.61.241
333,Robers,Kedslie,rkedslie98@hhs.gov,Non-binary,119.79.64.240
334,Jozef,Gonnard,jgonnard99@free.fr,Bigender,236.228.80.25
335,Marlin,MacRitchie,mmacritchie9a@hc360.com,Genderqueer,180.52.121.29
336,Elfrieda,Marson,emarson9b@newyorker.com,Agender,222.41.24.218
337,Amory,Chessun,achessun9c@google.com.br,Genderqueer,109.235.155.139
338,Leonard,Houlridge,lhoulridge9d@accuweather.com,Bigender,251.131.35.136
339,Maureen,Sancraft,msancraft9e@tripod.com,Non-binary,98.19.44.141
340,Dulciana,Frodsham,dfrodsham9f@friendfeed.com,Male,6.72.165.144
341,Eldredge,Cardew,ecardew9g@ehow.com,Female,206.153.191.213
342,Nannie,Akam,nakam9h@jugem.jp,Genderfluid,117.147.72.180
343,Horatius,Hubber,hhubber9i@toplist.cz,Female,20.141.245.48
344,Alejandro,Kettell,akettell9j@nhs.uk,Agender,98.189.25.49
345,Mellisa,McSherry,mmcsherry9k@gizmodo.com,Female,212.157.223.122
346,Nicky,Lindeberg,nlindeberg9l@kickstarter.com,Polygender,188.223.171.26
347,Chicky,Toomer,ctoomer9m@etsy.com,Bigender,182.122.17.51
348,Francoise,Poulden,fpoulden9n@discovery.com,Polygender,76.228.162.67
349,Germain,Poacher,gpoacher9o@trellian.com,Genderqueer,187.197.144.51
350,Analise,Mawdsley,amawdsley9p@usda.gov,Male,222.138.191.31
351,Helenka,Kinkead,hkinkead9q@amazon.com,Agender,117.58.157.216
352,Ynes,Alyoshin,yalyoshin9r@cornell.edu,Genderfluid,49.16.133.133
353,Ingunna,Ferreira,iferreira9s@businesswire.com,Agender,102.80.225.210
354,Amata,Matijevic,amatijevic9t@drupal.org,Genderqueer,35.192.38.142
355,Othello,Asals,oasals9u@hp.com,Female,240.219.138.107
356,Virge,Jopson,vjopson9v@unesco.org,Genderfluid,191.173.16.69
357,Bourke,Fihelly,bfihelly9w@sakura.ne.jp,Bigender,250.98.32.211
358,Walt,Petz,wpetz9x@ebay.co.uk,Female,78.8.182.254
359,Christel,Coldicott,ccoldicott9y@jiathis.com,Genderqueer,248.143.248.26
360,Doll,O'Cahey,docahey9z@wufoo.com,Non-binary,20.40.88.177
361,Lillian,Biglin,lbiglina0@salon.com,Agender,176.137.178.185
362,Gilburt,Gladding,ggladdinga1@amazon.de,Genderqueer,223.239.31.115
363,Kit,Scarratt,kscarratta2@behance.net,Bigender,90.247.102.253
364,Kristan,Smeeton,ksmeetona3@bloglines.com,Genderqueer,208.227.94.236
365,May,Woodeson,mwoodesona4@ning.com,Agender,39.57.90.83
366,Gerianne,Poynzer,gpoynzera5@theguardian.com,Non-binary,166.78.248.123
367,Bernardine,Airds,bairdsa6@hubpages.com,Non-binary,10.135.209.193
368,Barbee,Lindsley,blindsleya7@ox.ac.uk,Bigender,70.66.90.109
369,Kimmi,Ingold,kingolda8@ezinearticles.com,Male,96.182.97.153
370,Alysia,Wiffen,awiffena9@w3.org,Bigender,24.216.148.15
371,Melinde,Judgkins,mjudgkinsaa@salon.com,Non-binary,15.211.202.64
372,Dalia,D'Enrico,ddenricoab@hud.gov,Male,152.255.107.166
373,Margalo,Gillis,mgillisac@mac.com,Male,36.29.37.157
374,Khalil,Winchurch,kwinchurchad@marketwatch.com,Male,205.171.108.204
375,Gage,Brooking,gbrookingae@paypal.com,Agender,202.44.170.28
376,Constantin,Gillam,cgillamaf@devhub.com,Female,24.43.13.37
377,Jerrilee,Edess,jedessag@shareasale.com,Genderfluid,132.40.10.128
378,Lari,Gremane,lgremaneah@domainmarket.com,Non-binary,6.232.54.254
379,Curtice,Bentame,cbentameai@tmall.com,Polygender,137.164.147.104
380,Vernor,Cicetti,vcicettiaj@bloglovin.com,Genderfluid,40.69.202.198
381,Lily,Berndtsson,lberndtssonak@parallels.com,Male,165.137.235.237
382,Kerby,Walkington,kwalkingtonal@engadget.com,Non-binary,158.253.96.187
383,Yuma,Gowler,ygowleram@wisc.edu,Polygender,32.237.220.226
384,Cassy,Sacco,csaccoan@psu.edu,Genderqueer,29.183.6.59
385,Hilary,O'Neil,honeilao@last.fm,Bigender,196.116.10.44
386,Maisey,Bean,mbeanap@rakuten.co.jp,Agender,178.112.200.0
387,Roderigo,Cheak,rcheakaq@wix.com,Non-binary,168.241.172.54
388,Neala,Dilger,ndilgerar@theatlantic.com,Genderqueer,132.241.173.204
389,Thomasine,Skillanders,tskillandersas@nyu.edu,Bigender,255.86.104.229
390,Bernardine,Giral,bgiralat@deviantart.com,Genderqueer,146.214.63.129
391,Laurette,Cordelette,lcordeletteau@cbslocal.com,Genderqueer,74.42.80.211
392,Angil,Board,aboardav@usa.gov,Female,78.127.181.249
393,Nels,Ber,nberaw@cnn.com,Bigender,157.249.15.14
394,Revkah,Overstreet,roverstreetax@ameblo.jp,Bigender,8.190.10.125
395,Ingeberg,Jessopp,ijessoppay@lulu.com,Female,178.230.111.52
396,Gavra,Gentsch,ggentschaz@devhub.com,Female,202.242.182.184
397,Ado,Kilian,akilianb0@over-blog.com,Agender,202.232.142.15
398,Tabbie,Esel,teselb1@macromedia.com,Non-binary,100.105.53.206
399,Geoff,McManamon,gmcmanamonb2@netlog.com,Male,201.194.231.238
400,Norene,Deaton,ndeatonb3@networksolutions.com,Female,214.167.165.124
401,Elisabetta,Nancarrow,enancarrowb4@wp.com,Agender,75.63.230.81
402,Gertrudis,Filippozzi,gfilippozzib5@example.com,Female,212.215.226.196
403,Martina,Bletsoe,mbletsoeb6@cnn.com,Genderqueer,99.223.61.160
404,Candy,Death,cdeathb7@illinois.edu,Polygender,206.117.97.119
405,Dorella,Matskiv,dmatskivb8@alibaba.com,Genderqueer,31.90.178.252
406,Daron,Matitiaho,dmatitiahob9@skype.com,Polygender,57.28.242.205
407,Armando,Penwright,apenwrightba@tamu.edu,Polygender,3.59.182.220
408,Jenda,Tofts,jtoftsbb@g.co,Agender,207.190.38.140
409,Stormie,Caskey,scaskeybc@icq.com,Female,124.123.128.114
410,Fredrika,Derricoat,fderricoatbd@booking.com,Male,241.118.252.111
411,Chip,Pietzke,cpietzkebe@independent.co.uk,Bigender,179.178.33.219
412,Gail,Niblo,gniblobf@hexun.com,Female,225.0.76.243
413,Courtenay,Newarte,cnewartebg@delicious.com,Bigender,174.137.159.250
414,Hashim,Bickle,hbicklebh@zimbio.com,Agender,65.122.152.78
415,Sissie,Billitteri,sbillitteribi@geocities.jp,Female,192.28.106.30
416,Dorine,Dericot,ddericotbj@businessweek.com,Polygender,23.87.251.123
417,Adrianne,Wenderott,awenderottbk@google.it,Genderfluid,129.19.204.148
418,Shelba,Mordy,smordybl@google.com,Polygender,253.229.198.123
419,Alysa,Kidds,akiddsbm@purevolume.com,Polygender,103.86.34.198
420,Elsey,Zellick,ezellickbn@booking.com,Genderqueer,133.48.159.49
421,Gino,Woollends,gwoollendsbo@princeton.edu,Male,81.23.83.33
422,Leelah,Beathem,lbeathembp@soundcloud.com,Polygender,104.58.93.45
423,Sampson,Sargerson,ssargersonbq@indiatimes.com,Female,39.197.74.0
424,Charity,MacVean,cmacveanbr@amazon.com,Agender,154.21.98.174
425,Samara,Folbig,sfolbigbs@wsj.com,Bigender,68.4.126.37
426,Evita,Castillou,ecastilloubt@berkeley.edu,Genderfluid,193.109.147.111
427,Annalee,Hairsnape,ahairsnapebu@seattletimes.com,Male,132.0.177.230
428,Olva,Cordsen,ocordsenbv@quantcast.com,Bigender,4.81.93.136
429,Eldredge,Camsey,ecamseybw@paypal.com,Genderqueer,53.116.123.21
430,Aviva,Southcott,asouthcottbx@abc.net.au,Genderfluid,161.130.163.10
431,Kiel,Disman,kdismanby@sakura.ne.jp,Genderfluid,234.125.43.131
432,Ulrich,Abrashkin,uabrashkinbz@google.co.uk,Genderqueer,176.118.200.68
433,Gregory,Lillicrop,glillicropc0@mediafire.com,Polygender,104.167.49.18
434,Piper,Pearson,ppearsonc1@posterous.com,Female,16.114.52.93
435,Bari,McBrearty,bmcbreartyc2@merriam-webster.com,Bigender,16.249.255.93
436,Stefa,Brittain,sbrittainc3@dyndns.org,Non-binary,43.128.208.15
437,Bridie,Reape,breapec4@huffingtonpost.com,Genderqueer,144.31.123.55
438,Thaine,Belfelt,tbelfeltc5@stanford.edu,Genderfluid,69.46.151.194
439,Whitaker,Fidge,wfidgec6@pagesperso-orange.fr,Polygender,140.45.211.98
440,Fransisco,Poston,fpostonc7@fastcompany.com,Agender,3.131.248.6
441,Merrie,Kimmince,mkimmincec8@jalbum.net,Male,19.45.40.6
442,Tabbie,Sawyer,tsawyerc9@latimes.com,Non-binary,162.171.151.246
443,Natala,Healks,nhealksca@forbes.com,Genderfluid,165.78.161.157
444,Glenden,MacAllester,gmacallestercb@ucoz.com,Polygender,217.174.98.13
445,Norbert,Bartalini,nbartalinicc@msu.edu,Non-binary,231.223.98.138
446,Em,MacGray,emacgraycd@va.gov,Genderfluid,47.118.21.53
447,Westbrooke,Drayn,wdraynce@pen.io,Genderqueer,249.169.120.244
448,Shay,Boyn,sboyncf@ezinearticles.com,Bigender,219.93.198.192
449,Chuck,Beagin,cbeagincg@senate.gov,Genderfluid,135.39.157.28
450,Corie,Washbrook,cwashbrookch@cbsnews.com,Non-binary,223.194.10.147
451,Shayla,Lindenblatt,slindenblattci@hexun.com,Polygender,209.186.137.101
452,Jeralee,Lynn,jlynncj@ning.com,Male,200.116.31.234
453,Pattin,Begin,pbeginck@apache.org,Male,147.236.178.184
454,Prescott,Ducker,pduckercl@spotify.com,Agender,40.209.225.222
455,Federico,Blooman,fbloomancm@webnode.com,Non-binary,126.243.121.173
456,Cosette,Jumeau,cjumeaucn@wikia.com,Non-binary,42.219.29.210
457,Penny,Pagden,ppagdenco@alibaba.com,Male,85.201.84.194
458,Dud,Scragg,dscraggcp@dedecms.com,Male,186.49.16.204
459,Gretta,Bulward,gbulwardcq@blogger.com,Genderqueer,189.201.91.46
460,Chad,Walrond,cwalrondcr@mac.com,Non-binary,189.80.181.110
461,Claudetta,Denes,cdenescs@thetimes.co.uk,Polygender,124.166.195.32
462,Milicent,Joisce,mjoiscect@apple.com,Male,222.68.249.180
463,Dalton,Danby,ddanbycu@artisteer.com,Bigender,115.162.18.110
464,Maryann,Hurles,mhurlescv@hao123.com,Polygender,3.242.228.103
465,Almire,Dorricott,adorricottcw@accuweather.com,Female,114.211.169.116
466,Sacha,Dryden,sdrydencx@unicef.org,Polygender,231.4.55.57
467,Cello,Surgener,csurgenercy@tumblr.com,Male,202.178.67.173
468,Egan,Hlavecek,ehlavecekcz@eventbrite.com,Bigender,94.18.158.107
469,Amabel,Lestor,alestord0@skyrock.com,Genderfluid,43.165.125.113
470,Melloney,McGeorge,mmcgeorged1@skyrock.com,Non-binary,83.4.58.96
471,Teddy,Garlee,tgarleed2@icq.com,Agender,127.184.45.19
472,Brier,Romain,bromaind3@ca.gov,Female,111.248.86.37
473,Araldo,Antoons,aantoonsd4@people.com.cn,Bigender,120.208.18.225
474,Timothy,Went,twentd5@epa.gov,Genderfluid,200.171.62.72
475,Rog,Leathlay,rleathlayd6@answers.com,Genderqueer,33.138.145.249
476,Candide,Rawls,crawlsd7@economist.com,Polygender,134.211.171.237
477,Branden,Puig,bpuigd8@spotify.com,Male,128.121.54.104
478,Winnifred,Kuschek,wkuschekd9@wsj.com,Non-binary,210.75.226.248
479,Gawen,Menzies,gmenziesda@lycos.com,Male,79.100.140.95
480,Audi,Timby,atimbydb@mapy.cz,Female,108.130.240.210
481,Germayne,Dundon,gdundondc@homestead.com,Agender,86.164.208.211
482,Joana,Dauber,jdauberdd@dailymotion.com,Female,186.58.179.172
483,Jeane,Maddigan,jmaddigande@prlog.org,Agender,145.207.164.223
484,Rosmunda,Lambdon,rlambdondf@godaddy.com,Genderqueer,159.141.104.174
485,Cammy,Tavener,ctavenerdg@constantcontact.com,Genderqueer,214.74.33.178
486,Kingston,Sidaway,ksidawaydh@tamu.edu,Genderqueer,29.194.180.176
487,Hanan,Taplin,htaplindi@bigcartel.com,Non-binary,157.49.10.177
488,Teddi,Ferrone,tferronedj@blog.com,Genderfluid,244.9.84.111
489,Melvyn,Gilhool,mgilhooldk@weebly.com,Polygender,80.205.65.186
490,Charin,Yelding,cyeldingdl@bloglovin.com,Non-binary,136.76.0.190
491,Darcee,Gillimgham,dgillimghamdm@over-blog.com,Agender,106.36.10.127
492,Anetta,McAllen,amcallendn@qq.com,Bigender,13.92.196.75
493,Karlene,Ivy,kivydo@google.co.jp,Genderqueer,35.9.230.235
494,Allix,Starzaker,astarzakerdp@wisc.edu,Genderfluid,104.29.6.255
495,Gale,Chazier,gchazierdq@toplist.cz,Agender,13.208.163.158
496,Kip,Wilce,kwilcedr@miitbeian.gov.cn,Non-binary,127.167.94.156
497,Sibley,Vasquez,svasquezds@foxnews.com,Agender,42.149.131.13
498,Merline,Gosswell,mgosswelldt@unc.edu,Non-binary,54.90.189.145
499,Pasquale,Staddart,pstaddartdu@goodreads.com,Agender,17.44.147.238
500,Avis,Ewbach,aewbachdv@dropbox.com,Non-binary,150.226.7.249
501,Vasili,Hulburd,vhulburddw@opensource.org,Polygender,17.189.55.126
502,Idaline,Cellone,icellonedx@de.vu,Genderqueer,9.14.112.121
503,Evangelina,Martinyuk,emartinyukdy@godaddy.com,Genderfluid,232.147.234.124
504,Jude,Baugh,jbaughdz@utexas.edu,Male,137.55.116.117
505,Janos,Edgeson,jedgesone0@meetup.com,Bigender,137.166.198.181
506,Kylen,Eastope,keastopee1@amazon.co.jp,Non-binary,66.31.137.129
507,Fonzie,Poundford,fpoundforde2@mail.ru,Genderqueer,233.203.219.123
508,Tonia,Skipping,tskippinge3@wikimedia.org,Polygender,51.56.185.131
509,Lowrance,Brockhurst,lbrockhurste4@psu.edu,Genderqueer,30.127.77.21
510,Virge,Zanazzi,vzanazzie5@technorati.com,Male,35.101.164.128
511,Zia,Bazoge,zbazogee6@nifty.com,Bigender,125.214.120.181
512,Clio,Shyram,cshyrame7@edublogs.org,Bigender,169.195.232.220
513,Gael,Milsap,gmilsape8@pcworld.com,Agender,10.9.18.152
514,Alli,Poser,aposere9@scientificamerican.com,Genderfluid,54.156.61.16
515,Lucy,Filoniere,lfiloniereea@yellowbook.com,Male,124.98.98.203
516,Raynard,Shakespeare,rshakespeareeb@wp.com,Agender,217.27.6.93
517,Charmine,Oakenford,coakenfordec@cbslocal.com,Non-binary,255.59.132.198
518,Miller,Farn,mfarned@wikispaces.com,Bigender,198.42.27.122
519,Joellen,O'Mailey,jomaileyee@irs.gov,Bigender,151.174.93.241
520,Libbey,Foreman,lforemanef@tmall.com,Polygender,151.241.131.47
521,Simmonds,O'Kielt,sokielteg@mapy.cz,Female,135.222.41.2
522,Brenn,Eddy,beddyeh@over-blog.com,Agender,240.4.166.30
523,Floria,Judson,fjudsonei@google.co.uk,Genderqueer,218.237.9.79
524,Harry,de Glanville,hdeglanvilleej@sina.com.cn,Agender,56.61.130.221
525,Parrnell,Brunini,pbruniniek@csmonitor.com,Bigender,5.146.245.148
526,Tadio,Wasylkiewicz,twasylkiewiczel@businesswire.com,Female,101.41.91.201
527,Olympe,Hubble,ohubbleem@accuweather.com,Female,90.198.75.214
528,Kimble,Gransden,kgransdenen@icq.com,Polygender,218.239.41.42
529,Gwenora,La Padula,glapadulaeo@nsw.gov.au,Polygender,140.134.249.109
530,Datha,Cainey,dcaineyep@answers.com,Male,147.123.87.247
531,Elvin,McEneny,emcenenyeq@cdbaby.com,Bigender,236.85.37.4
532,Sarette,Bartelet,sbarteleter@sbwire.com,Polygender,208.98.152.76
533,Tommi,Digle,tdiglees@prnewswire.com,Female,176.15.179.41
534,Myrtle,Lilley,mlilleyet@youku.com,Non-binary,127.222.254.206
535,Orton,McRory,omcroryeu@elegantthemes.com,Agender,82.208.18.5
536,Dacia,Hefferon,dhefferonev@bloomberg.com,Bigender,248.94.232.218
537,Travis,Thomkins,tthomkinsew@china.com.cn,Genderfluid,159.253.116.219
538,Goldia,Ivy,givyex@nhs.uk,Male,146.190.99.252
539,Gerladina,Binnall,gbinnalley@accuweather.com,Non-binary,16.56.230.83
540,Loraine,Kendrick,lkendrickez@posterous.com,Polygender,98.38.167.224
541,Dev,Drinkel,ddrinkelf0@webnode.com,Genderqueer,120.239.30.96
542,Grannie,Ginnally,gginnallyf1@typepad.com,Polygender,94.156.253.109
543,Othilie,Areles,oarelesf2@fc2.com,Female,150.106.213.55
544,Latrena,Morant,lmorantf3@dailymotion.com,Non-binary,163.10.34.247
545,Hermon,Angrove,hangrovef4@businessweek.com,Polygender,78.197.8.4
546,Mord,Lever,mleverf5@privacy.gov.au,Genderqueer,169.172.220.131
547,Charin,Megahey,cmegaheyf6@issuu.com,Genderqueer,217.120.9.214
548,Peggie,Dyshart,pdyshartf7@g.co,Bigender,82.223.24.231
549,Lauree,Grigorescu,lgrigorescuf8@gmpg.org,Genderfluid,184.115.238.227
550,Babita,Trainer,btrainerf9@wikipedia.org,Bigender,63.199.86.160
551,Friedrich,Chesney,fchesneyfa@theatlantic.com,Polygender,129.99.157.224
552,Danna,Runge,drungefb@harvard.edu,Bigender,248.149.102.53
553,Vivianna,Coldrick,vcoldrickfc@sakura.ne.jp,Polygender,168.40.151.225
554,Tedie,Cleugher,tcleugherfd@reference.com,Female,82.87.130.93
555,Gian,Viccary,gviccaryfe@phoca.cz,Genderqueer,231.201.170.63
556,Lisle,Sidlow,lsidlowff@senate.gov,Bigender,94.225.62.58
557,Trula,Le Guin,tleguinfg@shinystat.com,Genderqueer,136.211.16.50
558,Kingston,Danaher,kdanaherfh@plala.or.jp,Agender,213.83.163.167
559,Donna,Oakley,doakleyfi@technorati.com,Female,116.113.181.155
560,Joly,Pryn,jprynfj@techcrunch.com,Genderqueer,188.132.109.23
561,Camey,Maxwell,cmaxwellfk@china.com.cn,Female,107.224.79.158
562,Doll,Gutridge,dgutridgefl@hp.com,Female,7.226.133.124
563,Tina,Spoward,tspowardfm@studiopress.com,Agender,16.186.44.215
564,Constancy,Southcoat,csouthcoatfn@census.gov,Bigender,102.226.96.135
565,Susana,Bortoloni,sbortolonifo@hatena.ne.jp,Genderqueer,240.83.24.249
566,Marge,Bellefonte,mbellefontefp@ibm.com,Bigender,81.50.33.232
567,Josh,Hammerman,jhammermanfq@cdc.gov,Bigender,171.134.151.41
568,Betteann,Thor,bthorfr@yahoo.co.jp,Agender,28.230.13.192
569,Bamby,Moret,bmoretfs@miibeian.gov.cn,Female,85.68.82.220
570,Siegfried,Dadd,sdaddft@google.com,Genderqueer,230.118.210.29
571,Iggy,Lorkings,ilorkingsfu@marriott.com,Female,214.247.240.154
572,Cyrill,Cavee,ccaveefv@networkadvertising.org,Female,110.73.118.149
573,Edna,Peddowe,epeddowefw@ebay.com,Genderqueer,225.105.11.10
574,Jody,Buddles,jbuddlesfx@craigslist.org,Genderfluid,61.48.50.75
575,Stephenie,Traher,straherfy@rambler.ru,Polygender,47.213.110.24
576,Friedrick,Margetson,fmargetsonfz@360.cn,Female,174.194.100.204
577,Hilary,Rosario,hrosariog0@cargocollective.com,Genderfluid,16.55.214.88
578,Tamera,Liddle,tliddleg1@zdnet.com,Bigender,246.225.111.93
579,Merrielle,Robiou,mrobioug2@sbwire.com,Genderqueer,150.243.240.42
580,Esme,Arnholtz,earnholtzg3@examiner.com,Non-binary,40.51.144.18
581,Bamby,Linnitt,blinnittg4@samsung.com,Bigender,235.79.137.52
582,Oralla,Nicely,onicelyg5@bing.com,Genderqueer,34.94.188.249
583,Stefania,Digance,sdiganceg6@msu.edu,Genderfluid,164.184.226.21
584,Madelle,Bourton,mbourtong7@hhs.gov,Bigender,31.196.65.100
585,Cordell,Lewknor,clewknorg8@dailymail.co.uk,Female,4.115.114.145
586,Marty,Leake,mleakeg9@xing.com,Non-binary,93.31.253.179
587,Renado,Buckthorp,rbuckthorpga@histats.com,Genderfluid,186.227.41.121
588,Ricardo,Saunper,rsaunpergb@sogou.com,Polygender,90.187.75.105
589,Benito,Jobey,bjobeygc@chronoengine.com,Non-binary,177.162.188.220
590,Vin,Gionettitti,vgionettittigd@imgur.com,Genderfluid,199.152.171.138
591,Zea,Ivanyushin,zivanyushinge@sciencedirect.com,Male,126.105.43.105
592,Pacorro,Ibbitt,pibbittgf@sakura.ne.jp,Non-binary,164.97.171.27
593,Lynda,Woloschinski,lwoloschinskigg@purevolume.com,Female,196.97.50.35
594,Kenyon,Womersley,kwomersleygh@simplemachines.org,Bigender,255.62.184.37
595,Idaline,Raveau,iraveaugi@technorati.com,Female,1.15.154.106
596,Davita,Castree,dcastreegj@aol.com,Genderqueer,48.129.1.153
597,Yovonnda,Garthshore,ygarthshoregk@fda.gov,Female,137.6.86.44
598,Gisele,Munkley,gmunkleygl@jugem.jp,Polygender,182.38.142.150
599,Enoch,Coulling,ecoullinggm@nymag.com,Genderfluid,92.59.114.75
600,Sherry,Lenormand,slenormandgn@merriam-webster.com,Genderfluid,25.251.119.74
601,Erhart,Frudd,efruddgo@printfriendly.com,Agender,180.188.168.50
602,Eydie,Snoad,esnoadgp@harvard.edu,Genderfluid,167.207.239.38
603,Klement,Cund,kcundgq@boston.com,Agender,82.236.231.40
604,Missy,Greatham,mgreathamgr@usgs.gov,Non-binary,69.110.193.25
605,Midge,Blaxeland,mblaxelandgs@bandcamp.com,Female,237.78.176.142
606,Thornton,Dear,tdeargt@spiegel.de,Bigender,92.58.249.45
607,Xavier,Edwards,xedwardsgu@live.com,Agender,209.8.205.139
608,Melisse,Thow,mthowgv@thetimes.co.uk,Male,159.226.125.162
609,Auberta,Huban,ahubangw@economist.com,Genderqueer,245.28.22.23
610,Brandtr,Whylie,bwhyliegx@berkeley.edu,Male,109.95.107.220
611,Beckie,Nutten,bnuttengy@senate.gov,Genderqueer,132.94.65.235
612,Tadio,Betke,tbetkegz@example.com,Genderqueer,255.93.43.163
613,Patsy,Deshorts,pdeshortsh0@who.int,Non-binary,221.4.218.252
614,Gordon,Tremellier,gtremellierh1@sphinn.com,Agender,116.114.27.77
615,Jonie,Mickelwright,jmickelwrighth2@bloglovin.com,Genderqueer,76.1.102.25
616,Gabi,Ballsdon,gballsdonh3@senate.gov,Genderqueer,26.130.124.153
617,Tiphanie,Pinckney,tpinckneyh4@rediff.com,Genderfluid,35.201.129.235
618,Gerek,Sydenham,gsydenhamh5@domainmarket.com,Agender,30.26.141.225
619,Morgen,Larway,mlarwayh6@yale.edu,Agender,91.247.165.255
620,Ruttger,Lackington,rlackingtonh7@irs.gov,Non-binary,190.41.14.193
621,Anton,Roubeix,aroubeixh8@nytimes.com,Genderfluid,88.178.82.66
622,Kerrin,Foux,kfouxh9@bloglovin.com,Genderqueer,164.206.68.9
623,Alena,Thornthwaite,athornthwaiteha@nifty.com,Male,120.186.26.99
624,Esther,Seeger,eseegerhb@yolasite.com,Male,127.209.240.88
625,Lezley,Cattermull,lcattermullhc@noaa.gov,Female,5.121.151.198
626,Madella,Clackers,mclackershd@purevolume.com,Non-binary,174.240.145.163
627,Mack,Synke,msynkehe@ebay.co.uk,Male,215.245.118.61
628,Siward,Hinrichs,shinrichshf@addtoany.com,Male,172.78.112.118
629,Travis,Keeling,tkeelinghg@cnbc.com,Polygender,96.59.66.113
630,Elspeth,Iianon,eiianonhh@apple.com,Genderfluid,150.174.81.158
631,Abraham,Farreil,afarreilhi@apple.com,Male,104.253.120.96
632,Cecilla,Smedley,csmedleyhj@sciencedirect.com,Agender,56.7.21.253
633,Humbert,Hark,hharkhk@storify.com,Male,99.34.72.20
634,Gaylord,Simon,gsimonhl@ucsd.edu,Male,175.149.166.250
635,Margeaux,Behneke,mbehnekehm@deviantart.com,Bigender,232.72.184.108
636,Rochella,McClay,rmcclayhn@ca.gov,Genderfluid,185.196.0.155
637,Carmine,Grayer,cgrayerho@technorati.com,Bigender,45.197.146.150
638,Sonnie,Audibert,saudiberthp@mayoclinic.com,Genderqueer,39.103.86.149
639,Lyman,Mallaby,lmallabyhq@mapy.cz,Polygender,104.131.97.178
640,Kinnie,Ritson,kritsonhr@archive.org,Genderqueer,55.115.149.54
641,Korry,Caffery,kcafferyhs@goo.gl,Genderqueer,19.175.109.200
642,Meg,Bainbridge,mbainbridgeht@ftc.gov,Genderqueer,199.13.90.148
643,Coop,Joris,cjorishu@vinaora.com,Genderqueer,64.122.37.177
644,Ayn,McClancy,amcclancyhv@independent.co.uk,Female,251.7.115.63
645,Marleah,Jerzykiewicz,mjerzykiewiczhw@upenn.edu,Male,59.214.218.229
646,Bobby,Langston,blangstonhx@t.co,Genderqueer,187.105.125.200
647,Elmore,Duckett,educketthy@youtu.be,Genderfluid,69.221.177.122
648,Tova,D'Elias,tdeliashz@youtu.be,Female,28.157.27.89
649,Wanda,Kabisch,wkabischi0@dailymail.co.uk,Male,160.226.207.0
650,Baird,Colleran,bcollerani1@un.org,Female,169.160.55.61
651,Gothart,Cullen,gculleni2@slashdot.org,Non-binary,90.16.82.35
652,Lily,Bruckshaw,lbruckshawi3@feedburner.com,Bigender,42.70.34.44
653,Rolfe,Rosle,rroslei4@usgs.gov,Polygender,223.24.54.154
654,Aileen,Rosenstiel,arosenstieli5@unblog.fr,Male,182.93.238.202
655,Griswold,Hadgkiss,ghadgkissi6@ft.com,Bigender,5.26.160.11
656,Sibella,Gribbins,sgribbinsi7@gravatar.com,Polygender,221.57.19.238
657,Elisa,Cordall,ecordalli8@163.com,Polygender,216.44.52.112
658,Ellis,Donoher,edonoheri9@yale.edu,Non-binary,166.213.201.53
659,Timotheus,Slayny,tslaynyia@shutterfly.com,Female,124.75.230.60
660,Dorris,Cushelly,dcushellyib@addthis.com,Male,17.55.245.173
661,Deonne,Hasely,dhaselyic@geocities.com,Bigender,178.253.213.21
662,Darda,Greendale,dgreendaleid@cbsnews.com,Agender,67.151.169.239
663,Anderson,Dauncey,adaunceyie@foxnews.com,Bigender,141.252.235.3
664,Mike,Ferres,mferresif@etsy.com,Genderqueer,27.139.134.22
665,Shepherd,Readitt,sreadittig@weebly.com,Male,55.26.216.50
666,Evvie,Mycock,emycockih@php.net,Male,87.17.211.69
667,Eustace,Towll,etowllii@theglobeandmail.com,Non-binary,44.15.126.28
668,Clementia,Bidgood,cbidgoodij@nydailynews.com,Male,101.136.176.77
669,Evaleen,Battyll,ebattyllik@homestead.com,Agender,1.53.155.97
670,Herve,Courtenay,hcourtenayil@youtu.be,Agender,24.85.111.194
671,Andrus,O'Criane,aocrianeim@buzzfeed.com,Female,12.226.237.91
672,Claude,Helsdon,chelsdonin@bluehost.com,Agender,59.44.186.224
673,Horatio,Camelli,hcamelliio@economist.com,Agender,110.65.84.199
674,Olly,Backes,obackesip@bigcartel.com,Agender,51.182.162.200
675,Maisey,Robb,mrobbiq@lycos.com,Male,106.251.36.253
676,Sukey,Espinel,sespinelir@list-manage.com,Genderfluid,108.81.8.137
677,Alaine,Lenton,alentonis@issuu.com,Agender,254.221.188.235
678,Oren,Bruckmann,obruckmannit@wikia.com,Polygender,64.216.236.201
679,Urbanus,Hearnah,uhearnahiu@histats.com,Polygender,77.222.236.210
680,Catha,Lamerton,clamertoniv@ibm.com,Non-binary,44.27.213.115
681,Elia,Howcroft,ehowcroftiw@nationalgeographic.com,Polygender,49.183.99.212
682,Delphine,Waistell,dwaistellix@studiopress.com,Genderfluid,132.173.112.102
683,Timmie,Veighey,tveigheyiy@pagesperso-orange.fr,Genderqueer,2.105.212.119
684,Paul,Martinovic,pmartinoviciz@disqus.com,Agender,224.100.205.51
685,Traci,Dehm,tdehmj0@com.com,Agender,38.90.231.0
686,Ianthe,Blastock,iblastockj1@google.nl,Male,162.162.248.135
687,Archibaldo,Whitehouse,awhitehousej2@google.cn,Polygender,161.29.44.91
688,Harlin,Bangiard,hbangiardj3@ning.com,Agender,225.229.86.77
689,Richy,Bilbery,rbilberyj4@uiuc.edu,Agender,142.153.144.154
690,Sheila-kathryn,Kybbye,skybbyej5@bing.com,Female,213.212.16.174
691,Almeria,Llywarch,allywarchj6@homestead.com,Polygender,74.98.91.199
692,Mady,Gorse,mgorsej7@sphinn.com,Polygender,71.76.93.122
693,Felix,Robe,frobej8@icq.com,Agender,255.108.210.241
694,Pennie,Poker,ppokerj9@prlog.org,Female,236.104.177.5
695,Neddy,Easterfield,neasterfieldja@mac.com,Male,210.91.187.171
696,Kamilah,Murfett,kmurfettjb@seesaa.net,Male,254.193.232.7
697,Sibylla,Dawtry,sdawtryjc@ameblo.jp,Genderqueer,84.249.23.27
698,Dinny,Pumfrey,dpumfreyjd@dion.ne.jp,Agender,183.80.68.124
699,Ruprecht,Clipston,rclipstonje@shutterfly.com,Female,79.228.189.232
700,Dani,Strelitzer,dstrelitzerjf@pagesperso-orange.fr,Non-binary,45.27.92.173
701,Catriona,McKinley,cmckinleyjg@ameblo.jp,Genderqueer,119.152.125.33
702,Noelani,Carnell,ncarnelljh@cnn.com,Female,125.194.131.14
703,Bernetta,Elis,belisji@shop-pro.jp,Female,230.7.47.40
704,Dasie,Rochell,drochelljj@wix.com,Genderqueer,192.169.25.217
705,Nomi,Laybourn,nlaybournjk@yellowbook.com,Bigender,108.123.250.93
706,Sacha,Ollcott,sollcottjl@berkeley.edu,Male,46.194.141.235
707,Tera,Phibb,tphibbjm@rambler.ru,Non-binary,89.164.26.71
708,Dermot,Parratt,dparrattjn@phpbb.com,Non-binary,16.133.83.27
709,Johnathon,Beaves,jbeavesjo@bloglovin.com,Bigender,127.255.120.44
710,Candace,Hunnable,chunnablejp@whitehouse.gov,Agender,109.158.220.141
711,Fae,Watsham,fwatshamjq@buzzfeed.com,Agender,214.186.169.20
712,Joelly,Tapper,jtapperjr@columbia.edu,Male,226.150.211.163
713,Fonzie,Pimm,fpimmjs@cbslocal.com,Genderqueer,187.99.205.190
714,Jacquenetta,Rioch,jriochjt@github.io,Female,244.132.64.147
715,Kendal,Le Cornu,klecornuju@bluehost.com,Genderfluid,53.208.192.1
716,Hortensia,Diment,hdimentjv@businesswire.com,Female,203.252.7.56
717,Grazia,Staff,gstaffjw@reference.com,Agender,136.148.93.177
718,Dyanna,Malt,dmaltjx@com.com,Non-binary,49.219.160.117
719,Arda,Siddeley,asiddeleyjy@java.com,Bigender,82.228.74.149
720,Auberon,Brettell,abrettelljz@a8.net,Genderfluid,228.233.71.82
721,Raul,Roscow,rroscowk0@dedecms.com,Agender,26.190.111.91
722,Wye,Gossage,wgossagek1@ebay.co.uk,Male,119.207.176.184
723,Ade,Cadle,acadlek2@examiner.com,Female,0.75.227.96
724,Florry,Boutwell,fboutwellk3@odnoklassniki.ru,Genderqueer,4.12.17.13
725,Aida,Akitt,aakittk4@scientificamerican.com,Non-binary,51.239.64.82
726,Koressa,Hartwell,khartwellk5@discovery.com,Bigender,195.15.5.146
727,Chrystal,Cod,ccodk6@goo.ne.jp,Agender,58.194.61.50
728,Holt,Brewis,hbrewisk7@ovh.net,Agender,4.36.3.8
729,Sarene,Bagenal,sbagenalk8@tinyurl.com,Genderqueer,150.215.17.61
730,Alberto,Kitchinghan,akitchinghank9@squidoo.com,Genderqueer,196.202.11.161
731,Olympie,Kleingrub,okleingrubka@woothemes.com,Agender,217.166.194.47
732,Claudell,Muat,cmuatkb@twitpic.com,Bigender,247.71.134.197
733,Kinsley,Whelpton,kwhelptonkc@e-recht24.de,Male,253.76.141.22
734,Editha,Walkinshaw,ewalkinshawkd@theglobeandmail.com,Non-binary,213.74.225.209
735,Dilan,Carncross,dcarncrosske@tripadvisor.com,Non-binary,208.177.245.85
736,Cherida,Bessant,cbessantkf@sun.com,Bigender,126.241.38.25
737,Gabbey,Godilington,ggodilingtonkg@tiny.cc,Female,138.76.151.103
738,Duff,Girt,dgirtkh@hud.gov,Female,43.70.128.141
739,Zilvia,Novichenko,znovichenkoki@noaa.gov,Agender,208.220.7.219
740,Deedee,de Castelain,ddecastelainkj@yolasite.com,Female,136.217.158.81
741,Adolphe,Morford,amorfordkk@ezinearticles.com,Female,201.79.139.189
742,Ximenez,Worg,xworgkl@indiatimes.com,Agender,154.111.57.119
743,Hailee,Greenstead,hgreensteadkm@oaic.gov.au,Polygender,31.211.186.111
744,Avrit,Hawking,ahawkingkn@opera.com,Bigender,44.32.2.157
745,Domenico,Kynsey,dkynseyko@ca.gov,Non-binary,45.221.215.236
746,Jessie,Drance,jdrancekp@bizjournals.com,Agender,185.231.97.213
747,Kiah,Shotboulte,kshotboultekq@arstechnica.com,Non-binary,220.157.137.34
748,Dorella,McEnteggart,dmcenteggartkr@eepurl.com,Agender,227.140.212.138
749,Kass,Goldsack,kgoldsackks@indiegogo.com,Male,20.42.213.235
750,Kerri,Terren,kterrenkt@wired.com,Female,140.42.117.102
751,Darnall,Atton,dattonku@newsvine.com,Bigender,254.204.209.211
752,Gabe,Cholonin,gcholoninkv@chron.com,Bigender,182.78.31.195
753,Darren,Sowley,dsowleykw@epa.gov,Polygender,189.193.157.36
754,Jonas,Grelak,jgrelakkx@dell.com,Genderqueer,105.230.46.48
755,Tris,Girauld,tgirauldky@mapy.cz,Bigender,134.126.85.77
756,Kendell,Dumphy,kdumphykz@technorati.com,Female,29.40.37.29
757,Kerri,Collisson,kcollissonl0@ca.gov,Non-binary,45.254.211.223
758,Molli,Dounbare,mdounbarel1@yandex.ru,Genderqueer,175.172.55.25
759,Hedi,Dounbare,hdounbarel2@wikimedia.org,Male,29.155.25.171
760,Sasha,Gouinlock,sgouinlockl3@prweb.com,Male,91.17.93.191
761,Lenora,Grenshiels,lgrenshielsl4@woothemes.com,Non-binary,153.35.30.230
762,Agna,Arboine,aarboinel5@de.vu,Agender,6.217.214.162
763,Thain,Toffetto,ttoffettol6@delicious.com,Bigender,1.174.190.11
764,Pen,Thewlis,pthewlisl7@theguardian.com,Genderfluid,44.233.40.187
765,Melody,Coggon,mcoggonl8@artisteer.com,Non-binary,217.231.116.236
766,Beniamino,Burles,bburlesl9@wikipedia.org,Genderfluid,116.127.39.31
767,Rozalie,Peachment,rpeachmentla@example.com,Genderfluid,24.149.224.43
768,Murdock,Castro,mcastrolb@360.cn,Female,246.38.254.238
769,Kacey,Lemme,klemmelc@sbwire.com,Bigender,160.246.30.100
770,Ambrose,Weyman,aweymanld@meetup.com,Female,20.66.170.210
771,Shawna,Lacase,slacasele@phoca.cz,Genderfluid,30.156.10.149
772,Lurette,Dicte,ldictelf@cbsnews.com,Polygender,200.172.79.46
773,Joey,Tuohy,jtuohylg@nature.com,Agender,7.59.219.49
774,Martha,Wheelan,mwheelanlh@scribd.com,Polygender,75.208.188.126
775,Willetta,Glaisner,wglaisnerli@g.co,Polygender,160.180.174.171
776,Jena,Caccavari,jcaccavarilj@wikipedia.org,Bigender,149.133.122.166
777,Nola,Vallens,nvallenslk@yahoo.co.jp,Agender,88.12.43.6
778,Kathryne,Leeburne,kleeburnell@apple.com,Agender,221.210.160.254
779,Coleman,Dorro,cdorrolm@forbes.com,Genderfluid,76.141.214.236
780,Magnum,Laugherane,mlaugheraneln@acquirethisname.com,Female,50.113.135.239
781,Ardis,Mawby,amawbylo@cloudflare.com,Agender,144.135.134.220
782,Phillie,Faill,pfailllp@hhs.gov,Male,69.71.49.127
783,Carree,Olivello,colivellolq@telegraph.co.uk,Non-binary,255.78.114.196
784,Elli,Ranald,eranaldlr@a8.net,Agender,219.212.13.146
785,Albertina,Deadman,adeadmanls@yolasite.com,Polygender,72.71.251.84
786,Meaghan,Ferrillio,mferrilliolt@hc360.com,Polygender,5.93.137.144
787,Jackelyn,Lobell,jlobelllu@sciencedaily.com,Agender,254.42.178.181
788,Agnola,Sail,asaillv@boston.com,Agender,234.83.82.126
789,Agustin,Slane,aslanelw@huffingtonpost.com,Female,150.75.1.72
790,Belle,Ianniello,bianniellolx@sphinn.com,Female,17.191.145.81
791,Farica,Swafford,fswaffordly@themeforest.net,Bigender,203.107.144.55
792,Urson,Coulthard,ucoulthardlz@buzzfeed.com,Male,172.25.0.158
793,Consolata,Warrior,cwarriorm0@spotify.com,Genderfluid,118.252.182.66
794,Callida,Dowry,cdowrym1@flickr.com,Male,130.151.113.20
795,Esther,Macari,emacarim2@google.ru,Female,36.168.249.224
796,Herminia,Bard,hbardm3@google.ca,Genderfluid,35.125.142.221
797,Morton,Rudram,mrudramm4@tripod.com,Polygender,223.14.195.165
798,Juana,Sille,jsillem5@dailymail.co.uk,Non-binary,23.176.153.194
799,Anabelle,Santore,asantorem6@is.gd,Female,125.35.109.246
800,Desmund,Suttie,dsuttiem7@uiuc.edu,Bigender,56.240.0.115
801,Wilbur,Hattersley,whattersleym8@dedecms.com,Female,127.244.11.28
802,Klara,Belleny,kbellenym9@xrea.com,Agender,122.120.77.226
803,Ruby,Ayris,rayrisma@stumbleupon.com,Male,161.112.32.152
804,Cecelia,Kieran,ckieranmb@hubpages.com,Non-binary,196.255.200.30
805,Shannon,D'Onisi,sdonisimc@microsoft.com,Non-binary,141.166.94.22
806,Joyce,Davidovich,jdavidovichmd@cnet.com,Non-binary,35.238.123.122
807,Enrica,Bushen,ebushenme@berkeley.edu,Genderfluid,147.167.204.107
808,Marena,Mager,mmagermf@purevolume.com,Female,129.27.236.144
809,Olympe,Husband,ohusbandmg@independent.co.uk,Bigender,218.180.239.61
810,Ulrick,Passie,upassiemh@zdnet.com,Female,109.230.44.154
811,Halli,Castaneda,hcastanedami@posterous.com,Genderfluid,32.152.92.73
812,Rancell,Hammerman,rhammermanmj@senate.gov,Genderfluid,21.252.225.203
813,Dennie,Thatcher,dthatchermk@forbes.com,Polygender,160.93.27.101
814,Malina,Orae,moraeml@forbes.com,Genderfluid,153.76.41.144
815,Carine,holmes,cholmesmm@weather.com,Agender,162.85.241.191
816,Melessa,Mattiazzo,mmattiazzomn@irs.gov,Genderfluid,29.215.107.59
817,Latrina,Wibberley,lwibberleymo@yandex.ru,Female,203.101.155.184
818,Dorena,Saunter,dsauntermp@whitehouse.gov,Female,8.187.111.236
819,Berkly,Foye,bfoyemq@buzzfeed.com,Agender,123.189.155.185
820,Milissent,Howat,mhowatmr@nifty.com,Male,203.78.208.224
821,Ulrica,Leyden,uleydenms@people.com.cn,Polygender,151.170.180.40
822,Tammi,O'Toole,totoolemt@mtv.com,Genderfluid,243.238.22.136
823,Cristine,Cushe,ccushemu@taobao.com,Polygender,45.205.0.243
824,Sukey,Minney,sminneymv@nationalgeographic.com,Polygender,164.77.104.189
825,Leeanne,Matten,lmattenmw@archive.org,Genderqueer,52.185.105.225
826,Kimberli,Athey,katheymx@reuters.com,Non-binary,96.214.49.23
827,Lauren,Bonn,lbonnmy@jimdo.com,Polygender,76.40.131.199
828,Mandie,Atheis,matheismz@ask.com,Bigender,157.64.77.97
829,Beverley,Gristock,bgristockn0@nbcnews.com,Non-binary,26.92.125.25
830,Doralia,Anfossi,danfossin1@latimes.com,Bigender,18.43.165.80
831,Alphonso,Zealey,azealeyn2@booking.com,Bigender,200.76.127.60
832,Casandra,Norcutt,cnorcuttn3@tmall.com,Non-binary,90.214.230.42
833,Magnum,Slimon,mslimonn4@aboutads.info,Non-binary,28.139.125.10
834,Darelle,Tuff,dtuffn5@yolasite.com,Polygender,83.69.247.93
835,Ned,Wollrauch,nwollrauchn6@last.fm,Non-binary,246.11.117.20
836,Teodoor,Slewcock,tslewcockn7@ox.ac.uk,Bigender,204.19.187.162
837,Danny,Dewhurst,ddewhurstn8@prlog.org,Non-binary,45.204.237.28
838,Colette,Lefeaver,clefeavern9@about.com,Genderqueer,35.62.210.44
839,Valina,Cree,vcreena@angelfire.com,Polygender,24.195.234.153
840,Genia,Moseby,gmosebynb@macromedia.com,Agender,81.3.55.201
841,Tera,Cowl,tcowlnc@cisco.com,Genderfluid,168.106.104.180
842,Doti,Olek,doleknd@wikipedia.org,Female,216.231.151.78
843,Lonna,Marshland,lmarshlandne@usatoday.com,Genderqueer,175.121.163.56
844,Micheline,Moralis,mmoralisnf@apple.com,Agender,217.121.37.22
845,Timothy,Curl,tcurlng@gnu.org,Polygender,157.122.21.115
846,Quillan,Jedrzejewsky,qjedrzejewskynh@mapy.cz,Female,136.62.127.32
847,Hedi,Olman,holmanni@devhub.com,Female,174.30.30.130
848,Noach,Carnihan,ncarnihannj@studiopress.com,Male,172.137.149.56
849,Fernando,Annett,fannettnk@columbia.edu,Genderfluid,218.104.151.80
850,Dionisio,Ive,divenl@engadget.com,Bigender,4.52.100.103
851,Aron,Brauninger,abrauningernm@who.int,Bigender,242.164.105.107
852,Correy,MacCartney,cmaccartneynn@virginia.edu,Genderqueer,237.14.184.70
853,Kailey,Bowra,kbowrano@slashdot.org,Non-binary,177.177.113.97
854,Raquel,Beric,rbericnp@google.com.br,Male,11.82.131.63
855,Alix,Dermot,adermotnq@oakley.com,Bigender,119.83.32.58
856,Thomasa,Conman,tconmannr@lycos.com,Bigender,152.106.248.196
857,Haskell,Raubenheim,hraubenheimns@army.mil,Bigender,151.129.147.111
858,Allys,MacKaig,amackaignt@gravatar.com,Agender,106.119.136.168
859,Leisha,Brushfield,lbrushfieldnu@salon.com,Polygender,211.95.69.197
860,Bridie,Petera,bpeteranv@senate.gov,Non-binary,163.67.21.241
861,Opaline,McKeowon,omckeowonnw@wikia.com,Female,204.198.35.161
862,Sindee,D'Alwis,sdalwisnx@sourceforge.net,Non-binary,69.130.106.60
863,Clemmy,Skaid,cskaidny@npr.org,Agender,49.80.12.41
864,Roanna,Crawforth,rcrawforthnz@uol.com.br,Agender,237.182.104.36
865,Tuckie,Kittel,tkittelo0@scientificamerican.com,Genderfluid,230.103.153.179
866,Percival,Pusill,ppusillo1@mapy.cz,Genderfluid,49.191.231.218
867,Cathyleen,Pyne,cpyneo2@over-blog.com,Female,201.181.122.159
868,Livvyy,Leel,lleelo3@shareasale.com,Genderfluid,94.153.224.252
869,Yuri,Bradbrook,ybradbrooko4@blog.com,Polygender,201.255.172.194
870,Doyle,Illingworth,dillingwortho5@delicious.com,Female,56.235.209.169
871,Gasparo,Aisbett,gaisbetto6@barnesandnoble.com,Male,233.80.140.159
872,Jasen,Sprott,jsprotto7@miibeian.gov.cn,Agender,80.226.26.173
873,Taddeo,Cobain,tcobaino8@studiopress.com,Bigender,135.82.81.192
874,Lynna,Sabate,lsabateo9@last.fm,Female,193.47.181.31
875,Englebert,Gueinn,egueinnoa@blinklist.com,Male,147.35.225.94
876,Butch,Denidge,bdenidgeob@epa.gov,Non-binary,169.136.129.12
877,Wittie,Branche,wbrancheoc@sourceforge.net,Agender,75.154.159.60
878,Lauri,Tillerton,ltillertonod@sphinn.com,Genderfluid,193.141.41.107
879,Georgie,Aspling,gasplingoe@cocolog-nifty.com,Female,166.214.129.142
880,Felic,Devennie,fdevennieof@omniture.com,Male,160.223.114.3
881,Almeda,Cluelow,acluelowog@wp.com,Genderqueer,36.219.129.162
882,Russell,Rodda,rroddaoh@omniture.com,Genderfluid,197.199.223.165
883,Carce,Jorgesen,cjorgesenoi@house.gov,Genderfluid,254.70.242.56
884,Cart,Lohering,cloheringoj@w3.org,Genderqueer,197.81.220.30
885,Myrtia,McDuffie,mmcduffieok@mac.com,Male,140.103.15.181
886,Shane,Keeble,skeebleol@adobe.com,Female,50.236.123.240
887,Ediva,Abbett,eabbettom@bbb.org,Male,231.23.52.71
888,Clarke,Enric,cenricon@statcounter.com,Genderfluid,235.12.150.11
889,Saunderson,Posselt,sposseltoo@nsw.gov.au,Non-binary,68.211.104.137
890,Katharyn,Jakubowski,kjakubowskiop@japanpost.jp,Non-binary,14.197.229.231
891,Ardyce,Rosie,arosieoq@i2i.jp,Agender,169.222.4.161
892,Pavel,Parmiter,pparmiteror@sfgate.com,Genderfluid,140.91.156.234
893,Errol,Noke,enokeos@behance.net,Agender,114.57.37.50
894,Red,Bolland,rbollandot@amazon.co.uk,Agender,55.223.24.252
895,Adan,Leppo,aleppoou@networksolutions.com,Male,127.212.139.62
896,Nelie,Dericot,ndericotov@bizjournals.com,Non-binary,123.84.13.144
897,Kai,Geggie,kgeggieow@furl.net,Genderfluid,212.244.202.153
898,Ernesta,Nand,enandox@google.ru,Male,41.150.18.189
899,Ephraim,Farnon,efarnonoy@who.int,Genderfluid,43.113.47.130
900,Sammy,Wace,swaceoz@nytimes.com,Male,173.14.219.3
901,Truman,Postance,tpostancep0@google.ca,Polygender,219.35.180.42
902,Fleurette,Pinks,fpinksp1@yahoo.com,Genderqueer,90.222.53.4
903,Tedi,Hedney,thedneyp2@umich.edu,Genderqueer,120.151.199.83
904,Nathalia,Huyche,nhuychep3@jugem.jp,Female,99.151.181.174
905,Bryan,Deyenhardt,bdeyenhardtp4@usa.gov,Non-binary,227.201.88.175
906,Trish,Degli Abbati,tdegliabbatip5@godaddy.com,Genderfluid,34.144.155.40
907,Amos,Moody,amoodyp6@about.me,Non-binary,66.39.108.159
908,Marius,Syer,msyerp7@meetup.com,Genderfluid,122.68.243.186
909,Norry,Pollendine,npollendinep8@google.com.br,Male,142.135.130.28
910,Robby,Shear,rshearp9@ebay.co.uk,Genderqueer,168.35.223.58
911,Lindi,Fogt,lfogtpa@google.es,Male,51.231.75.16
912,Patton,Balham,pbalhampb@vk.com,Bigender,189.67.40.214
913,Orton,Oldacres,ooldacrespc@qq.com,Genderqueer,65.241.106.117
914,Lebbie,Fotitt,lfotittpd@tumblr.com,Non-binary,214.243.233.137
915,Marigold,Mendel,mmendelpe@aboutads.info,Male,39.62.128.160
916,Eda,Beveridge,ebeveridgepf@dion.ne.jp,Polygender,115.128.142.177
917,Wilhelmine,Hanmore,whanmorepg@blog.com,Agender,217.122.103.255
918,Thatcher,Newbatt,tnewbattph@bigcartel.com,Genderqueer,35.60.28.29
919,Urban,Elwel,uelwelpi@homestead.com,Male,132.240.230.66
920,Ervin,Molnar,emolnarpj@tamu.edu,Female,191.126.219.198
921,Daron,Harston,dharstonpk@so-net.ne.jp,Genderfluid,181.137.16.73
922,Salvidor,Sandon,ssandonpl@1688.com,Male,113.43.84.153
923,Keith,Halsho,khalshopm@woothemes.com,Agender,138.154.14.24
924,Wandis,Tinman,wtinmanpn@merriam-webster.com,Polygender,93.167.229.15
925,Dyan,Willows,dwillowspo@mapquest.com,Genderqueer,153.220.255.190
926,Ange,Storre,astorrepp@arizona.edu,Genderqueer,191.119.59.40
927,Veronica,Charity,vcharitypq@fastcompany.com,Agender,163.47.162.143
928,Mord,Spire,mspirepr@illinois.edu,Bigender,57.45.53.102
929,Horace,Crayke,hcraykeps@uiuc.edu,Genderqueer,143.148.23.101
930,Michel,McGarrity,mmcgarritypt@google.de,Bigender,160.95.134.90
931,Barbe,Sandeman,bsandemanpu@adobe.com,Male,5.51.171.246
932,Nancey,Costelloe,ncostelloepv@google.pl,Agender,188.82.11.226
933,Rowe,Piwell,rpiwellpw@census.gov,Non-binary,63.76.91.211
934,Fonzie,Stirton,fstirtonpx@aol.com,Genderqueer,139.251.48.203
935,Ameline,MacRorie,amacroriepy@upenn.edu,Genderqueer,241.127.88.243
936,Fonz,Salasar,fsalasarpz@google.pl,Non-binary,93.144.72.200
937,Edward,Hempshall,ehempshallq0@xinhuanet.com,Genderqueer,136.126.50.136
938,Biron,Hobble,bhobbleq1@github.io,Male,114.172.192.188
939,Ame,Hughf,ahughfq2@mtv.com,Agender,166.55.240.5
940,Ashlin,Paulusch,apauluschq3@google.cn,Genderqueer,81.67.190.15
941,Liz,Arber,larberq4@privacy.gov.au,Non-binary,22.32.16.48
942,Sibylla,Cole,scoleq5@marketwatch.com,Female,107.216.63.87
943,Vasili,Fransson,vfranssonq6@tamu.edu,Genderfluid,154.150.42.119
944,Janel,Busen,jbusenq7@photobucket.com,Genderfluid,186.194.110.96
945,Vittoria,Joly,vjolyq8@freewebs.com,Polygender,21.17.0.51
946,Robina,Powell,rpowellq9@networksolutions.com,Genderfluid,147.116.201.22
947,Terri,Cornfoot,tcornfootqa@blog.com,Agender,14.27.27.10
948,Early,McGooch,emcgoochqb@redcross.org,Female,158.0.227.140
949,Larry,Brigdale,lbrigdaleqc@infoseek.co.jp,Female,63.135.100.196
950,Augustus,Jenner,ajennerqd@zimbio.com,Bigender,192.136.183.180
951,Maggy,Adnams,madnamsqe@friendfeed.com,Non-binary,108.180.228.51
952,Carlie,Bortoluzzi,cbortoluzziqf@dailymotion.com,Genderfluid,212.137.121.243
953,Garold,Busswell,gbusswellqg@chicagotribune.com,Female,41.165.52.63
954,Lilia,Rodinger,lrodingerqh@prlog.org,Male,59.189.90.103
955,Jannelle,Kimmerling,jkimmerlingqi@va.gov,Male,141.98.185.130
956,Vernen,Spink,vspinkqj@wikipedia.org,Bigender,191.206.9.17
957,Kassia,Geoghegan,kgeogheganqk@bravesites.com,Genderqueer,236.236.31.64
958,Ferne,Bedome,fbedomeql@about.me,Genderfluid,60.106.77.211
959,Shirlee,Bangiard,sbangiardqm@slideshare.net,Genderfluid,154.13.71.134
960,Bidget,Strettle,bstrettleqn@netvibes.com,Male,138.162.176.71
961,Hedy,Bentham3,hbenthamqo@un.org,Non-binary,192.152.245.68
962,Ulrika,Stogill,ustogillqp@nasa.gov,Female,187.197.122.125
963,Angelina,Kersley,akersleyqq@businessinsider.com,Bigender,160.205.147.15
964,Valaree,Cokayne,vcokayneqr@uol.com.br,Polygender,7.119.18.145
965,Francine,MacAdie,fmacadieqs@amazon.com,Non-binary,163.157.209.113
966,Freeman,Scotchmor,fscotchmorqt@nba.com,Polygender,143.102.49.82
967,Dorelia,Pidgeon,dpidgeonqu@cyberchimps.com,Genderfluid,234.212.113.129
968,Zedekiah,McAw,zmcawqv@springer.com,Polygender,77.245.123.97
969,Keefe,Fronek,kfronekqw@woothemes.com,Non-binary,137.186.48.163
970,Cherin,Allden,calldenqx@constantcontact.com,Bigender,43.28.201.190
971,Simona,Hicken,shickenqy@studiopress.com,Genderfluid,93.204.164.63
972,Robenia,Tanswell,rtanswellqz@cbslocal.com,Genderqueer,36.205.203.78
973,Morris,Stienton,mstientonr0@intel.com,Polygender,246.250.164.31
974,Kipp,Dils,kdilsr1@desdev.cn,Female,27.233.5.244
975,Neville,Bulleyn,nbulleynr2@4shared.com,Genderqueer,213.161.47.115
976,Nikolaos,Grassi,ngrassir3@wufoo.com,Genderfluid,217.24.11.210
977,Nelie,Fretson,nfretsonr4@apache.org,Genderfluid,202.144.40.211
978,Tracey,Hooban,thoobanr5@yahoo.com,Genderqueer,216.50.189.201
979,Randa,Boschmann,rboschmannr6@mlb.com,Non-binary,141.238.73.200
980,Letisha,Lovick,llovickr7@phoca.cz,Female,200.243.249.38
981,Nanon,Eastcourt,neastcourtr8@mit.edu,Female,214.172.235.117
982,Dorree,Myrtle,dmyrtler9@noaa.gov,Bigender,244.107.191.238
983,Aluino,Halt,ahaltra@jugem.jp,Bigender,113.152.210.188
984,Clemmie,Beaman,cbeamanrb@disqus.com,Bigender,201.40.81.24
985,Barrie,Ivakhno,bivakhnorc@clickbank.net,Genderfluid,137.144.95.150
986,Glori,Cottier,gcottierrd@hp.com,Male,113.160.14.225
987,Wang,Sarch,wsarchre@wisc.edu,Male,191.110.125.221
988,Lila,Eton,letonrf@independent.co.uk,Bigender,41.175.152.95
989,Xylina,Lamperti,xlampertirg@imdb.com,Agender,100.133.106.220
990,Ailis,Templman,atemplmanrh@opera.com,Genderqueer,36.187.190.234
991,Sileas,Reolfi,sreolfiri@over-blog.com,Non-binary,238.242.239.49
992,Winfield,Talby,wtalbyrj@soup.io,Genderqueer,190.147.119.100
993,Skip,Izat,sizatrk@smh.com.au,Genderfluid,59.243.18.65
994,See,Franceschelli,sfranceschellirl@marriott.com,Female,97.82.102.94
995,Huey,Hiddy,hhiddyrm@studiopress.com,Agender,115.71.249.51
996,Jessey,Brammall,jbrammallrn@npr.org,Female,188.247.74.188
997,Ferd,Apedaile,fapedailero@ustream.tv,Agender,14.197.152.202
998,Johnette,Godbald,jgodbaldrp@live.com,Genderfluid,30.96.52.119
999,Bronson,O'Brogane,bobroganerq@msn.com,Genderfluid,33.35.117.37
1000,Latrina,Ciraldo,lciraldorr@tiny.cc,Female,88.115.247.216
